--
-- Dumping data for table `t_anggota`
--

INSERT INTO `t_anggota` (`id_mhs`, `username`, `password`, `level`, `npm`, `nama`, `alamat`, `telp`, `email`, `picture`, `id_jabatan`, `created_at`, `update_at`, `is_active`) VALUES
(1, '18.14.1.0001', '$2y$10$NvtjwjrAh41hwnDuTI9wg.5LS.dwEXPCvnpj.m4AxTPzEwDdUImQm', 1, '18.14.1.0001', 'ANDI ALFIAN', 'Blok Rabu Desa Sindang Kec.Sindang', '082320516254', 'Andialfi90@gmail.com', 'Andi.png', 8, '2021-07-12 21:11:48', '2021-07-12 21:11:48', 1),
(2, '18.14.1.0003', '$2y$10$D8RNugrxoK7v08tgCW0vfu706qTm0MGdbRya1tluKH6o22FHvlqGC', 4, '18.14.1.0003', 'MUHAMAD HIKAYAT', 'Pataking - MUNJUL', '08995250809 ', 'muhamadhikayat0003@gmail.com', '1.jpg', 10, '2021-07-13 11:31:43', '2021-07-13 11:31:43', 1),
(3, '18.14.1.0004', '$2y$10$D29v7t0.aYcA2mFBwfWbBewCMWQrwX5iqNa2CuMyvrPqcNOF3.1Va', 4, '18.14.1.0004', 'RIZKI ALAM RAMDHANI', 'cempaka - PANYINGKIRAN', '082117351349', 'rizkiar111299@gmail.com', '1.jpg', 9, '2021-07-13 11:33:22', '2021-07-13 11:33:22', 1),
(4, '18.14.1.0005', '$2y$10$Tr3W5IXzxlUDV8.a5/4aRORj6Kj4/0oY1dmctTYcu0ut418CJ6BdC', 4, '18.14.1.0005', 'SALAHUDDIN NURUL FAHMI', 'SUKAMANAH - BABAKAN', '081211986625', 'salahuddinnurulfahmi31@gmail.com', '1.jpg', 13, '2021-07-13 11:45:43', '2021-07-13 11:45:43', 1),
(5, '18.14.1.0006', '$2y$10$3cL0ZaD05AEZuOauGcEXt..VgAtLRfpJFRmjJPHdsVS5vs8muqsmm', 4, '18.14.1.0006', 'YUDA SUPARMANTO', 'BLOK MEKARMULYA - CIHAUR', '083100193300', 'yudasuparmanto3@gmail.com', '1.jpg', 14, '2021-07-13 11:46:30', '2021-07-13 11:46:30', 1),
(6, '18.14.1.0007', '$2y$10$sUcJJMJ5qzqWnkSTImhHueSUsV1a/hIdbPjMpYmJZFFev9FAOBFVO', 4, '18.14.1.0007', 'AFIF SURYA RAMADHAN', 'Blok Jumat Dusun Sinduparana - LAME', '085155270511', 'afifsuryaramadhan@gmail.com', '1.jpg', 7, '2021-07-13 11:47:03', '2021-07-13 11:47:03', 1),
(7, '18.14.1.0012', '$2y$10$NYac92tGrORZLynBX1AmM.VM/K7QRg59C0aDeXZy3geHfpqVtMCFC', 3, '18.14.1.0012', 'DEDE RISKA AMALIA', 'blok.selasa dusun.kawungsari - KARANGASEM', '0859111486770', 'riskadede995@gmail.com', '1.jpg', 5, '2021-07-13 11:48:16', '2021-07-13 11:48:16', 1),
(8, '18.14.1.0014', '$2y$10$tsB748xj64GI/MsiXYS.fudyHNOw0UjZUNz.xXJIZIO8oWG2UrFXm', 2, '18.14.1.0014', 'IRNA SRI NULINGGA', 'Blok selasa dusun dalem - WERAGATI', '085155443485', 'irnasri838@gmail.com', '1.jpg', 4, '2021-07-13 11:48:58', '2021-07-13 11:48:58', 1),
(9, '18.14.1.0021', '$2y$10$ESXpI.jlJuxK7NIkc0sNVeb1kGTQrEtk2jdQLcW9zAVGqlHW/R33O', 4, '18.14.1.0021', 'SANDRA MARLIANTI MULYANA', 'Sabtu - HEULEUT', '085155113198', 'sandramarlianti27@gmail.com', '1.jpg', 12, '2021-07-13 11:49:39', '2021-07-13 11:49:39', 1),
(10, '18.14.1.0027', '$2y$10$D.mzvPNrZTaSD/yKao5aFuHxw0J6RL.CF0doFSTjA1yw/naqVatoq', 4, '18.14.1.0027', 'DEA JUWITA SUWARDI', 'selasa - GANDU', '085321334220', 'deajuwitasuwardi@gmail.com', '1.jpg', 13, '2021-07-13 11:50:48', '2021-07-13 11:50:48', 1),
(11, '18.14.1.0028', '$2y$10$tnSFxD7jpqtdJQrN.kW6ru8xudV8zeK3clkf05ynGbRUGqFBBsbOO', 4, '18.14.1.0028', 'ABDULAH TAUFIK', 'Blok Rabu - MEKARWANGI', '082320014757', 'a.taufik704@gmail.com', '1.jpg', 16, '2021-07-13 11:51:20', '2021-07-13 11:51:20', 1),
(12, '18.14.1.0033', '$2y$10$Z3bCyGAsU.T15cKhnhRGu.O0PmYPaqaTrn1ORPO17MpSIa/VvOp36', 4, '18.14.1.0033', 'DELIA PUTRI RAHAYU', 'Dusun Cikalung - MEKARWANGI', '083815059100', 'deliakorem@gmail.com', '1.jpg', 14, '2021-07-13 11:52:02', '2021-07-13 11:52:02', 1),
(13, '18.14.1.0034', '$2y$10$wGZ1XRChKi3jSH3JGMLqIOjBJfJcjkWbNMZQYk6HL2CPaKIWpkReO', 4, '18.14.1.0034', 'FAUZAN FATURAHMAN AZKIA', 'Blok Wates - GIRIMULYA', '082115540557', 'fauzanfazkia129@gmail.com', '1.jpg', 2, '2021-07-13 11:52:40', '2021-07-13 11:52:40', 1),
(14, '18.14.1.0040', '$2y$10$1jEoflapiQ09.HSVCQ8vbeGO7oQ4zu0mnY7WJIoXfO71mUTe8TcSa', 4, '18.14.1.0040', 'MOCHAMMAD BAGASNANDA FIRMANSYAH', 'Blok Kertarahaja - CICALUNG', '082321307780', 'bagasnandafirmansyah@yahoo.com', '1.jpg', 11, '2021-07-13 11:53:48', '2021-07-13 11:53:48', 1),
(15, '18.14.1.0045', '$2y$10$pmp7RvPWqbs2qyWYfAjv1.TmXi5eRK9zKnTOtAkIbsQmGw.certia', 4, '18.14.1.0045', 'AULA NUR RIZAL ARDIYANTORO', 'Perum Grand Hegar Blok B No. 7 - BOJONGCIDERES', '085155167922', 'rizalardiyantoro123@gmail.com', '1.jpg', 16, '2021-07-13 11:54:38', '2021-07-13 11:54:38', 1),
(16, '18.14.1.0046', '$2y$10$YMre3eEqxsG4aTZtEioJu.E01Hn2.7p4q.u86y00NXzB4S7yHoeVe', 4, '18.14.1.0046', 'FIRMAN ABDUL ZAELANI', 'Blok Minggu - KERTAJATI\\', '0895337800056', 'firmanaz55@gmail.com', '1.jpg', 1, '2021-07-13 11:55:01', '2021-07-13 11:55:01', 1),
(17, '18.14.1.0047', '$2y$10$f4b0YWQ.Mnzt5mAejkyVJetHwVcpcG3ysxnxyT1ATCWVn1BpNZlqi', 4, '18.14.1.0047', 'MEGA BERLIANI', 'Mekarahayu - MALONGPONG', '081461137122', 'berlianimega3@gmail.com', '1.jpg', 15, '2021-07-13 11:55:41', '2021-07-13 11:55:41', 1),
(18, '18.14.1.0060', '$2y$10$KLJLP/69fksdlqwSj2.nCuU3uwrQHgmo7m2un4dDci6d14rlQNkj6', 4, '18.14.1.0060', 'RAIHAN WIDIANSYAH NUR', 'Blok Senin - Majalengka wetan', '0895373649573', 'raihanwidiyansyah@gmail.com', '1.jpg', 3, '2021-07-13 11:56:39', '2021-07-13 11:56:39', 1);

--
-- Dumping data for table `t_kegiatan`
--

INSERT INTO `t_kegiatan` (`no_kegiatan`, `tgl_kegiatan`, `nama_kegiatan`) VALUES
(1, '2020-09-30', 'Rapat Internal Pembagian Koordinator dan Pembahasan Rundown perekrutan anggota pengurus baru'),
(2, '2020-10-11', 'Rapat Hasil Wawancara Calon Pengurus Himatif Baru'),
(3, '2020-10-17', 'SKM : BanSos Banjir Garut Selatan'),
(4, '2020-10-10', 'Wawancara Calon Pengurus Himatif Periode 2020/2021'),
(5, '2020-10-13', 'Interview Calon Pengurus HMIF Periode 2020/2021 dan Rapat pembahasan penyambutan mahasiswa baru'),
(7, '2020-10-14', 'Penyambutan Mahasiswa Baru'),
(8, '2020-11-13', 'Rakor dan Rapat Kepanitiaan Pesona HMIF'),
(9, '2020-10-20', '(RAKER) Rapat Kerja Internal'),
(11, '2021-01-12', 'Rapat Mingguan'),
(12, '2021-01-15', 'Penggalangan Dana Korban Bencana Longsor Kabupaten Sumedang'),
(13, '2021-01-20', 'Pelantikan ORMAWA Fakultas Teknik Universitas Majalengka'),
(14, '2021-01-22', 'Rapat'),
(16, '2021-02-03', 'Rapat Persiapan PESONA'),
(17, '2021-02-05', 'Persiapan H-1 PESONA HIMATIF'),
(18, '2021-02-06', 'PESONA HIMATIF'),
(19, '2021-02-12', 'Rapat Pembahasan KI dan PIKM'),
(20, '2021-03-17', 'Pembahasan Kunjungan Industri'),
(21, '2021-03-27', 'HIMATIF CUP'),
(22, '2021-04-05', 'Rapat Dadakan'),
(23, '2021-05-08', 'Peduli Himatif');
--
-- Dumping data for table `t_absen`
--

INSERT INTO `t_absen` (`no_absen`, `no_kegiatan`, `id_mhs`, `status`) VALUES
(1, 1, 1, 'Hadir'),
(2, 1, 2, 'Hadir'),
(6, 1, 6, 'Hadir'),
(7, 1, 7, 'Hadir'),
(8, 1, 8, 'Hadir'),
(9, 1, 9, 'Hadir'),
(13, 1, 13, 'Izin'),
(14, 1, 14, 'Hadir'),
(16, 1, 16, 'Hadir'),
(17, 1, 17, 'Hadir'),
(18, 1, 18, 'Hadir'),
(19, 4, 1, 'Hadir'),
(20, 4, 2, 'Hadir'),
(24, 4, 6, 'Hadir'),
(25, 4, 7, 'Hadir'),
(26, 4, 8, 'Hadir'),
(27, 4, 9, 'Hadir'),
(31, 4, 13, 'Hadir'),
(32, 4, 14, 'Hadir'),
(34, 4, 16, 'Hadir'),
(35, 4, 17, 'Hadir'),
(36, 4, 18, 'Hadir'),
(37, 2, 1, 'Hadir'),
(38, 2, 2, 'Hadir'),
(42, 2, 6, 'Hadir'),
(43, 2, 7, 'Hadir'),
(44, 2, 8, 'Hadir'),
(45, 2, 9, 'Hadir'),
(49, 2, 13, 'Hadir'),
(50, 2, 14, 'Hadir'),
(52, 2, 16, 'Hadir'),
(53, 2, 17, 'Hadir'),
(54, 2, 18, 'Hadir'),
(55, 5, 1, 'Hadir'),
(56, 5, 2, 'Hadir'),
(57, 5, 3, 'Hadir'),
(58, 5, 4, 'Hadir'),
(59, 5, 5, 'Hadir'),
(60, 5, 6, 'Hadir'),
(61, 5, 7, 'Hadir'),
(62, 5, 8, 'Hadir'),
(63, 5, 9, 'Hadir'),
(64, 5, 10, 'Hadir'),
(65, 5, 11, 'Hadir'),
(66, 5, 12, 'Hadir'),
(67, 5, 13, 'Hadir'),
(68, 5, 14, 'Hadir'),
(69, 5, 15, 'Hadir'),
(70, 5, 16, 'Hadir'),
(71, 5, 17, 'Hadir'),
(72, 5, 18, 'Hadir'),
(73, 7, 1, 'Hadir'),
(74, 7, 2, 'Hadir'),
(75, 7, 3, 'Hadir'),
(76, 7, 4, 'Hadir'),
(77, 7, 5, 'Hadir'),
(78, 7, 6, 'Hadir'),
(79, 7, 7, 'Hadir'),
(80, 7, 8, 'Hadir'),
(81, 7, 9, 'Hadir'),
(82, 7, 10, 'Hadir'),
(83, 7, 11, 'Hadir'),
(84, 7, 12, 'Hadir'),
(85, 7, 13, 'Hadir'),
(86, 7, 14, 'Hadir'),
(87, 7, 15, 'Hadir'),
(88, 7, 16, 'Hadir'),
(89, 7, 17, 'Hadir'),
(90, 7, 18, 'Hadir'),
(91, 3, 1, 'Hadir'),
(92, 3, 2, 'Hadir'),
(93, 3, 3, 'Hadir'),
(94, 3, 4, 'Hadir'),
(95, 3, 5, 'Hadir'),
(96, 3, 6, 'Hadir'),
(97, 3, 7, 'Hadir'),
(98, 3, 8, 'Hadir'),
(99, 3, 9, 'Hadir'),
(100, 3, 10, 'Hadir'),
(101, 3, 11, 'Hadir'),
(102, 3, 12, 'Hadir'),
(103, 3, 13, 'Izin'),
(104, 3, 14, 'Hadir'),
(105, 3, 15, 'Hadir'),
(106, 3, 16, 'Hadir'),
(107, 3, 17, 'Hadir'),
(108, 3, 18, 'Hadir'),
(109, 9, 1, 'Hadir'),
(110, 9, 2, 'Hadir'),
(111, 9, 3, 'Hadir'),
(112, 9, 4, 'Hadir'),
(113, 9, 5, 'Hadir'),
(114, 9, 6, 'Hadir'),
(115, 9, 7, 'Hadir'),
(116, 9, 8, 'Hadir'),
(117, 9, 9, 'Hadir'),
(118, 9, 10, 'Hadir'),
(119, 9, 11, 'Hadir'),
(120, 9, 12, 'Hadir'),
(121, 9, 13, 'Hadir'),
(122, 9, 14, 'Hadir'),
(123, 9, 15, 'Hadir'),
(124, 9, 16, 'Hadir'),
(125, 9, 17, 'Hadir'),
(126, 9, 18, 'Hadir'),
(127, 8, 1, 'Hadir'),
(128, 8, 2, 'Hadir'),
(129, 8, 3, 'Hadir'),
(130, 8, 4, 'Hadir'),
(131, 8, 5, 'Hadir'),
(132, 8, 6, 'Hadir'),
(133, 8, 7, 'Hadir'),
(134, 8, 8, 'Sakit'),
(135, 8, 9, 'Hadir'),
(136, 8, 10, 'Hadir'),
(137, 8, 11, 'Hadir'),
(138, 8, 12, 'Hadir'),
(139, 8, 13, 'Hadir'),
(140, 8, 14, 'Hadir'),
(141, 8, 15, 'Hadir'),
(142, 8, 16, 'Hadir'),
(143, 8, 17, 'Hadir'),
(144, 8, 18, 'Hadir'),
(145, 11, 1, 'Hadir'),
(146, 11, 2, 'Izin'),
(147, 11, 3, 'Hadir'),
(148, 11, 4, 'Hadir'),
(149, 11, 5, 'Hadir'),
(150, 11, 6, 'Hadir'),
(151, 11, 7, 'Hadir'),
(152, 11, 8, 'Hadir'),
(153, 11, 9, 'Hadir'),
(154, 11, 10, 'Hadir'),
(155, 11, 11, 'Hadir'),
(156, 11, 12, 'Hadir'),
(157, 11, 13, 'Hadir'),
(158, 11, 14, 'Hadir'),
(159, 11, 15, 'Hadir'),
(160, 11, 16, 'Hadir'),
(161, 11, 17, 'Izin'),
(162, 11, 18, 'Hadir'),
(163, 12, 1, 'Izin'),
(164, 12, 2, 'Izin'),
(165, 12, 3, 'Izin'),
(166, 12, 4, 'Hadir'),
(167, 12, 5, 'Hadir'),
(168, 12, 6, 'Izin'),
(169, 12, 7, 'Izin'),
(170, 12, 8, 'Izin'),
(171, 12, 9, 'Izin'),
(172, 12, 10, 'Hadir'),
(173, 12, 11, 'Hadir'),
(174, 12, 12, 'Hadir'),
(175, 12, 13, 'Izin'),
(176, 12, 14, 'Hadir'),
(177, 12, 15, 'Alfa'),
(178, 12, 16, 'Hadir'),
(179, 12, 17, 'Hadir'),
(180, 12, 18, 'Hadir'),
(181, 13, 1, 'Hadir'),
(182, 13, 2, 'Hadir'),
(183, 13, 3, 'Hadir'),
(184, 13, 4, 'Hadir'),
(185, 13, 5, 'Hadir'),
(186, 13, 6, 'Hadir'),
(187, 13, 7, 'Hadir'),
(188, 13, 8, 'Hadir'),
(189, 13, 9, 'Hadir'),
(190, 13, 10, 'Hadir'),
(191, 13, 11, 'Hadir'),
(192, 13, 12, 'Hadir'),
(193, 13, 13, 'Hadir'),
(194, 13, 14, 'Hadir'),
(195, 13, 15, 'Alfa'),
(196, 13, 16, 'Hadir'),
(197, 13, 17, 'Hadir'),
(198, 13, 18, 'Hadir'),
(199, 14, 1, 'Hadir'),
(200, 14, 2, 'Hadir'),
(201, 14, 3, 'Hadir'),
(202, 14, 4, 'Hadir'),
(203, 14, 5, 'Hadir'),
(204, 14, 6, 'Hadir'),
(205, 14, 7, 'Hadir'),
(206, 14, 8, 'Hadir'),
(207, 14, 9, 'Hadir'),
(208, 14, 10, 'Hadir'),
(209, 14, 11, 'Hadir'),
(210, 14, 12, 'Hadir'),
(211, 14, 13, 'Hadir'),
(212, 14, 14, 'Alfa'),
(213, 14, 15, 'Hadir'),
(214, 14, 16, 'Hadir'),
(215, 14, 17, 'Hadir'),
(216, 14, 18, 'Hadir'),
(217, 16, 1, 'Hadir'),
(218, 16, 2, 'Hadir'),
(219, 16, 3, 'Hadir'),
(220, 16, 4, 'Hadir'),
(221, 16, 5, 'Hadir'),
(222, 16, 6, 'Hadir'),
(223, 16, 7, 'Hadir'),
(224, 16, 8, 'Hadir'),
(225, 16, 9, 'Hadir'),
(226, 16, 10, 'Izin'),
(227, 16, 11, 'Izin'),
(228, 16, 12, 'Izin'),
(229, 16, 13, 'Izin'),
(230, 16, 14, 'Izin'),
(231, 16, 15, 'Izin'),
(232, 16, 16, 'Hadir'),
(233, 16, 17, 'Hadir'),
(234, 16, 18, 'Hadir'),
(235, 17, 1, 'Hadir'),
(236, 17, 2, 'Izin'),
(237, 17, 3, 'Hadir'),
(238, 17, 4, 'Hadir'),
(239, 17, 5, 'Hadir'),
(240, 17, 6, 'Hadir'),
(241, 17, 7, 'Hadir'),
(242, 17, 8, 'Izin'),
(243, 17, 9, 'Hadir'),
(244, 17, 10, 'Sakit'),
(245, 17, 11, 'Hadir'),
(246, 17, 12, 'Izin'),
(247, 17, 13, 'Hadir'),
(248, 17, 14, 'Hadir'),
(249, 17, 15, 'Hadir'),
(250, 17, 16, 'Hadir'),
(251, 17, 17, 'Hadir'),
(252, 17, 18, 'Hadir'),
(253, 18, 1, 'Hadir'),
(254, 18, 2, 'Hadir'),
(255, 18, 3, 'Hadir'),
(256, 18, 4, 'Hadir'),
(257, 18, 5, 'Hadir'),
(258, 18, 6, 'Hadir'),
(259, 18, 7, 'Hadir'),
(260, 18, 8, 'Hadir'),
(261, 18, 9, 'Hadir'),
(262, 18, 10, 'Sakit'),
(263, 18, 11, 'Hadir'),
(264, 18, 12, 'Izin'),
(265, 18, 13, 'Hadir'),
(266, 18, 14, 'Hadir'),
(267, 18, 15, 'Hadir'),
(268, 18, 16, 'Hadir'),
(269, 18, 17, 'Sakit'),
(270, 18, 18, 'Hadir'),
(271, 19, 1, 'Hadir'),
(272, 19, 2, 'Hadir'),
(273, 19, 3, 'Hadir'),
(274, 19, 4, 'Hadir'),
(275, 19, 5, 'Hadir'),
(276, 19, 6, 'Hadir'),
(277, 19, 7, 'Hadir'),
(278, 19, 8, 'Hadir'),
(279, 19, 9, 'Hadir'),
(280, 19, 10, 'Hadir'),
(281, 19, 11, 'Izin'),
(282, 19, 12, 'Hadir'),
(283, 19, 13, 'Hadir'),
(284, 19, 14, 'Hadir'),
(285, 19, 15, 'Hadir'),
(286, 19, 16, 'Hadir'),
(287, 19, 17, 'Hadir'),
(288, 19, 18, 'Hadir'),
(289, 20, 1, 'Hadir'),
(290, 20, 2, 'Hadir'),
(291, 20, 3, 'Hadir'),
(292, 20, 4, 'Hadir'),
(293, 20, 5, 'Hadir'),
(294, 20, 6, 'Hadir'),
(295, 20, 7, 'Hadir'),
(296, 20, 8, 'Hadir'),
(297, 20, 9, 'Hadir'),
(298, 20, 10, 'Hadir'),
(299, 20, 11, 'Hadir'),
(300, 20, 12, 'Hadir'),
(301, 20, 13, 'Hadir'),
(302, 20, 14, 'Hadir'),
(303, 20, 15, 'Hadir'),
(304, 20, 16, 'Hadir'),
(305, 20, 17, 'Hadir'),
(306, 20, 18, 'Hadir'),
(307, 21, 1, 'Hadir'),
(308, 21, 2, 'Hadir'),
(309, 21, 3, 'Hadir'),
(310, 21, 4, 'Hadir'),
(311, 21, 5, 'Hadir'),
(312, 21, 6, 'Hadir'),
(313, 21, 7, 'Hadir'),
(314, 21, 8, 'Hadir'),
(315, 21, 9, 'Hadir'),
(316, 21, 10, 'Hadir'),
(317, 21, 11, 'Hadir'),
(318, 21, 12, 'Hadir'),
(319, 21, 13, 'Hadir'),
(320, 21, 14, 'Hadir'),
(321, 21, 15, 'Hadir'),
(322, 21, 16, 'Hadir'),
(323, 21, 17, 'Hadir'),
(324, 21, 18, 'Hadir'),
(325, 22, 1, 'Hadir'),
(326, 22, 2, 'Izin'),
(327, 22, 3, 'Izin'),
(328, 22, 4, 'Hadir'),
(329, 22, 5, 'Hadir'),
(330, 22, 6, 'Hadir'),
(331, 22, 7, 'Hadir'),
(332, 22, 8, 'Hadir'),
(333, 22, 9, 'Hadir'),
(334, 22, 10, 'Hadir'),
(335, 22, 11, 'Hadir'),
(336, 22, 12, 'Hadir'),
(337, 22, 13, 'Hadir'),
(338, 22, 14, 'Hadir'),
(339, 22, 15, 'Hadir'),
(340, 22, 16, 'Hadir'),
(341, 22, 17, 'Hadir'),
(342, 22, 18, 'Hadir'),
(343, 23, 1, 'Hadir'),
(344, 23, 2, 'Hadir'),
(345, 23, 3, 'Hadir'),
(346, 23, 4, 'Hadir'),
(347, 23, 5, 'Hadir'),
(348, 23, 6, 'Hadir'),
(349, 23, 7, 'Hadir'),
(350, 23, 8, 'Hadir'),
(351, 23, 9, 'Hadir'),
(352, 23, 10, 'Hadir'),
(353, 23, 11, 'Hadir'),
(354, 23, 12, 'Hadir'),
(355, 23, 13, 'Hadir'),
(356, 23, 14, 'Hadir'),
(357, 23, 15, 'Izin'),
(358, 23, 16, 'Hadir'),
(359, 23, 17, 'Hadir'),
(360, 23, 18, 'Hadir');


--
-- Dumping data for table `t_tagihan`
--

INSERT INTO `t_tagihan` (`no_tg`, `nama_tagihan`, `jml_tagihan`, `created_at`, `expired_at`) VALUES
(16, 'Dana Awal', 500000, '2020-09-30', '2020-09-30'),
(17, 'Uang PKKMB', 25000, '2020-10-13', '2020-10-13'),
(18, 'Kas November 2020', 10000, '2020-11-01', '2020-11-30'),
(19, 'Kas Desember 2020', 10000, '2020-12-01', '2020-12-31'),
(20, 'Kas Januari 2021', 10000, '2021-01-01', '2021-01-31'),
(21, 'Kas Februari 2021', 10000, '2021-02-01', '2021-02-28'),
(22, 'Kas Maret 2021', 10000, '2021-03-01', '2021-03-31'),
(23, 'Kas April 2021', 10000, '2021-04-01', '2021-04-30'),
(24, 'Uang Sukarela', 9000, '2021-04-28', '2021-04-28'),
(25, 'Kas Mei 2021', 10000, '2021-05-01', '2021-05-31'),
(26, 'Kas Juni 2021', 10000, '2021-06-01', '2021-06-30');

--
-- Dumping data for table `t_tagihan_anggota`
--

INSERT INTO `t_tagihan_anggota` (`no_ta`, `id_mhs`, `no_tg`, `dibayar`, `pesan`) VALUES
(1, 9, 16, 500000, 0),
(2, 16, 17, 25000, 0),
(3, 1, 18, 10000, 0),
(4, 2, 18, 10000, 0),
(5, 3, 18, 10000, 0),
(6, 4, 18, 10000, 0),
(7, 5, 18, 10000, 0),
(8, 6, 18, 10000, 0),
(9, 7, 18, 10000, 0),
(10, 8, 18, 10000, 0),
(11, 9, 18, 10000, 0),
(12, 10, 18, 10000, 0),
(13, 11, 18, 10000, 0),
(14, 12, 18, 10000, 0),
(15, 13, 18, 10000, 0),
(16, 14, 18, 10000, 0),
(17, 15, 18, 10000, 0),
(18, 16, 18, 10000, 0),
(19, 17, 18, 10000, 0),
(20, 18, 18, 10000, 0),
(21, 1, 19, 10000, 0),
(22, 2, 19, 10000, 0),
(23, 3, 19, 10000, 0),
(24, 4, 19, 10000, 0),
(25, 5, 19, 10000, 0),
(26, 6, 19, 10000, 0),
(27, 7, 19, 10000, 0),
(28, 8, 19, 10000, 0),
(29, 9, 19, 10000, 0),
(30, 10, 19, 10000, 0),
(31, 11, 19, 10000, 0),
(32, 12, 19, 10000, 0),
(33, 13, 19, 10000, 0),
(34, 14, 19, 10000, 0),
(35, 15, 19, 10000, 0),
(36, 16, 19, 10000, 0),
(37, 17, 19, 10000, 0),
(38, 18, 19, 10000, 0),
(39, 1, 20, 10000, 0),
(40, 2, 20, 10000, 0),
(41, 3, 20, 10000, 0),
(42, 4, 20, 10000, 0),
(43, 5, 20, 10000, 0),
(44, 6, 20, 10000, 0),
(45, 7, 20, 10000, 0),
(46, 8, 20, 10000, 0),
(47, 9, 20, 10000, 0),
(48, 10, 20, 10000, 0),
(49, 11, 20, 10000, 0),
(50, 12, 20, 10000, 0),
(51, 13, 20, 10000, 0),
(52, 14, 20, 10000, 0),
(53, 15, 20, 5000, 0),
(54, 16, 20, 10000, 0),
(55, 17, 20, 10000, 0),
(56, 18, 20, 10000, 0),
(57, 1, 21, 10000, 0),
(58, 2, 21, 10000, 0),
(59, 3, 21, 10000, 0),
(60, 4, 21, 10000, 0),
(61, 5, 21, 10000, 0),
(62, 6, 21, 10000, 0),
(63, 7, 21, 10000, 0),
(64, 8, 21, 10000, 0),
(65, 9, 21, 10000, 0),
(66, 10, 21, 10000, 0),
(67, 11, 21, 10000, 0),
(68, 12, 21, 10000, 0),
(69, 13, 21, 10000, 0),
(70, 14, 21, 10000, 0),
(71, 15, 21, 0, 0),
(72, 16, 21, 10000, 0),
(73, 17, 21, 10000, 0),
(74, 18, 21, 10000, 0),
(75, 1, 22, 10000, 0),
(76, 2, 22, 10000, 0),
(77, 3, 22, 10000, 0),
(78, 4, 22, 10000, 0),
(79, 5, 22, 10000, 0),
(80, 6, 22, 10000, 0),
(81, 7, 22, 10000, 0),
(82, 8, 22, 10000, 0),
(83, 9, 22, 10000, 0),
(84, 10, 22, 10000, 0),
(85, 11, 22, 10000, 0),
(86, 12, 22, 10000, 0),
(87, 13, 22, 10000, 0),
(88, 14, 22, 10000, 0),
(89, 15, 22, 0, 0),
(90, 16, 22, 10000, 0),
(91, 17, 22, 10000, 0),
(92, 18, 22, 10000, 0),
(93, 1, 23, 10000, 0),
(94, 2, 23, 10000, 0),
(95, 3, 23, 10000, 0),
(96, 4, 23, 10000, 0),
(97, 5, 23, 10000, 0),
(98, 6, 23, 10000, 0),
(99, 7, 23, 10000, 0),
(100, 8, 23, 10000, 0),
(101, 9, 23, 10000, 0),
(102, 10, 23, 10000, 0),
(103, 11, 23, 0, 0),
(104, 12, 23, 10000, 0),
(105, 13, 23, 10000, 0),
(106, 14, 23, 10000, 0),
(107, 15, 23, 0, 0),
(108, 16, 23, 10000, 0),
(109, 17, 23, 10000, 0),
(110, 18, 23, 10000, 0),
(111, 16, 24, 9000, 0),
(112, 1, 25, 0, 0),
(113, 2, 25, 5000, 0),
(114, 3, 25, 0, 0),
(115, 4, 25, 0, 0),
(116, 5, 25, 0, 0),
(117, 6, 25, 0, 0),
(118, 7, 25, 10000, 0),
(119, 8, 25, 10000, 0),
(120, 9, 25, 10000, 0),
(121, 10, 25, 0, 0),
(122, 11, 25, 0, 0),
(123, 12, 25, 10000, 0),
(124, 13, 25, 10000, 0),
(125, 14, 25, 0, 0),
(126, 15, 25, 0, 0),
(127, 16, 25, 10000, 0),
(128, 17, 25, 0, 0),
(129, 18, 25, 0, 0),
(130, 1, 26, 0, 0),
(131, 2, 26, 0, 0),
(132, 3, 26, 0, 0),
(133, 4, 26, 0, 0),
(134, 5, 26, 0, 0),
(135, 6, 26, 0, 0),
(136, 7, 26, 0, 0),
(137, 8, 26, 0, 0),
(138, 9, 26, 0, 0),
(139, 10, 26, 0, 0),
(140, 11, 26, 0, 0),
(141, 12, 26, 0, 0),
(142, 13, 26, 0, 0),
(143, 14, 26, 0, 0),
(144, 15, 26, 0, 0),
(145, 16, 26, 0, 0),
(146, 17, 26, 0, 0),
(147, 18, 26, 0, 0);


--
-- Dumping data for table `t_pembayaran`
--

INSERT INTO `t_pembayaran` (`no_pb`, `no_tg`, `id_mhs`, `nominal_bayar`, `tgl_bayar`) VALUES
(1, 16, 9, 500000, '2020-09-30'),
(2, 17, 16, 25000, '2020-10-13'),
(3, 18, 1, 10000, '2020-11-30'),
(4, 18, 2, 10000, '2020-11-30'),
(5, 18, 3, 10000, '2020-11-30'),
(6, 18, 4, 10000, '2020-11-30'),
(7, 18, 5, 10000, '2020-11-30'),
(8, 18, 6, 10000, '2020-11-30'),
(9, 18, 7, 10000, '2020-11-30'),
(10, 18, 8, 10000, '2020-11-30'),
(11, 18, 9, 10000, '2020-11-30'),
(12, 18, 10, 10000, '2020-11-30'),
(13, 18, 11, 10000, '2020-11-30'),
(14, 18, 12, 10000, '2020-11-30'),
(15, 18, 13, 10000, '2020-11-30'),
(16, 18, 14, 10000, '2020-11-30'),
(17, 18, 15, 10000, '2020-11-30'),
(18, 18, 16, 10000, '2020-11-30'),
(19, 18, 17, 10000, '2020-11-30'),
(20, 18, 18, 10000, '2020-11-30'),
(21, 19, 1, 10000, '2020-12-31'),
(22, 19, 2, 10000, '2020-12-30'),
(23, 19, 3, 10000, '2020-12-31'),
(24, 19, 4, 10000, '2020-12-31'),
(25, 19, 5, 10000, '2020-12-31'),
(26, 19, 6, 10000, '2020-12-31'),
(27, 19, 7, 10000, '2020-12-31'),
(28, 19, 8, 10000, '2020-12-31'),
(29, 19, 9, 10000, '2020-12-31'),
(30, 19, 10, 10000, '2020-12-31'),
(31, 19, 11, 10000, '2020-12-31'),
(32, 19, 12, 10000, '2020-12-31'),
(33, 19, 13, 10000, '2020-12-31'),
(34, 19, 14, 10000, '2020-12-31'),
(35, 19, 15, 10000, '2020-12-31'),
(36, 19, 16, 10000, '2020-12-31'),
(37, 19, 17, 10000, '2020-12-31'),
(38, 19, 18, 10000, '2020-12-31'),
(39, 20, 1, 10000, '2021-01-14'),
(40, 20, 2, 10000, '2021-01-14'),
(41, 20, 3, 10000, '2021-01-14'),
(42, 20, 4, 10000, '2021-01-14'),
(43, 20, 5, 10000, '2021-01-14'),
(44, 20, 6, 10000, '2021-01-14'),
(45, 20, 7, 10000, '2021-01-14'),
(46, 20, 8, 10000, '2021-01-14'),
(47, 20, 9, 10000, '2021-01-14'),
(48, 20, 10, 10000, '2021-01-14'),
(49, 20, 11, 10000, '2021-01-14'),
(50, 20, 12, 10000, '2021-01-14'),
(51, 20, 13, 10000, '2021-01-14'),
(52, 20, 14, 10000, '2021-01-14'),
(53, 20, 15, 5000, '2021-01-14'),
(54, 20, 16, 10000, '2021-01-14'),
(55, 20, 17, 10000, '2021-01-14'),
(56, 20, 18, 10000, '2021-01-14'),
(57, 21, 1, 10000, '2021-02-03'),
(58, 21, 2, 10000, '2021-02-03'),
(59, 21, 3, 10000, '2021-02-03'),
(60, 21, 4, 10000, '2021-02-03'),
(61, 21, 5, 10000, '2021-02-03'),
(62, 21, 6, 10000, '2021-02-03'),
(63, 21, 7, 10000, '2021-02-03'),
(64, 21, 8, 10000, '2021-02-03'),
(65, 21, 9, 10000, '2021-02-03'),
(66, 21, 10, 10000, '2021-02-05'),
(67, 21, 11, 10000, '2021-02-05'),
(68, 21, 12, 10000, '2021-02-05'),
(69, 21, 13, 10000, '2021-02-05'),
(70, 21, 14, 10000, '2021-02-05'),
(71, 21, 16, 10000, '2021-02-03'),
(72, 21, 17, 10000, '2021-02-05'),
(73, 21, 18, 10000, '2021-02-03'),
(74, 22, 1, 10000, '2021-03-31'),
(75, 22, 2, 10000, '2021-03-31'),
(76, 22, 3, 10000, '2021-03-31'),
(77, 22, 4, 10000, '2021-03-31'),
(78, 22, 5, 10000, '2021-03-31'),
(79, 22, 6, 10000, '2021-03-31'),
(80, 22, 7, 10000, '2021-03-31'),
(81, 22, 8, 10000, '2021-03-31'),
(82, 22, 9, 10000, '2021-03-31'),
(83, 22, 10, 10000, '2021-03-31'),
(84, 22, 11, 10000, '2021-03-31'),
(85, 22, 12, 10000, '2021-03-31'),
(86, 22, 13, 10000, '2021-03-31'),
(87, 22, 14, 10000, '2021-03-31'),
(88, 22, 16, 10000, '2021-03-31'),
(89, 22, 17, 10000, '2021-03-31'),
(90, 22, 18, 10000, '2021-03-31'),
(91, 23, 1, 10000, '2021-04-30'),
(92, 23, 2, 10000, '2021-04-30'),
(93, 23, 3, 10000, '2021-04-30'),
(94, 23, 4, 10000, '2021-04-30'),
(95, 23, 5, 10000, '2021-04-30'),
(96, 23, 6, 10000, '2021-04-30'),
(97, 23, 7, 10000, '2021-04-30'),
(98, 23, 8, 10000, '2021-04-30'),
(99, 23, 9, 10000, '2021-04-30'),
(100, 23, 10, 10000, '2021-04-30'),
(101, 23, 12, 10000, '2021-04-30'),
(102, 23, 13, 10000, '2021-04-30'),
(103, 23, 14, 10000, '2021-04-30'),
(104, 23, 16, 10000, '2021-04-30'),
(105, 23, 17, 10000, '2021-04-30'),
(106, 23, 18, 10000, '2021-04-30'),
(107, 24, 16, 9000, '2021-04-28'),
(108, 25, 2, 5000, '2021-05-31'),
(109, 25, 7, 10000, '2021-05-31'),
(110, 25, 8, 10000, '2021-05-31'),
(111, 25, 9, 10000, '2021-05-31'),
(112, 25, 12, 10000, '2021-05-31'),
(113, 25, 13, 10000, '2021-05-31'),
(114, 25, 16, 10000, '2021-05-31');

--
-- Dumping data for table `t_pengeluaran`
--

INSERT INTO `t_pengeluaran` (`no_pk`, `tgl_pk`, `nama_pengeluaran`, `jml_pk`) VALUES
(1, '2021-02-05', 'Konsumsi PESONA HMIF', 54000),
(2, '2021-02-06', 'Kertas Sertifikat', 24600),
(3, '2021-02-06', 'Print Sertifikat PESONA HMIF', 49000),
(4, '2021-04-28', 'UC PUBG HMIF CUP', 100000),
(5, '2021-04-28', 'Banner HMIF CUP', 60000);

  